{"count":1,"self":13.101656799999999,"total":13.804260999999999,"children":{"InitializeActuators":{"count":2,"self":0.001813,"total":0.001813,"children":null},"InitializeSensors":{"count":2,"self":0.000978,"total":0.000978,"children":null},"AgentSendState":{"count":544,"self":0.027528,"total":0.041887999999999995,"children":{"CollectObservations":{"count":1088,"self":0.0045249999999999995,"total":0.0045249999999999995,"children":null},"CollectDiscreteActionMasks":{"count":1088,"self":0.0022949999999999997,"total":0.0022949999999999997,"children":null},"RequestDecision":{"count":1088,"self":0.00754,"total":0.00754,"children":null}}},"DecideAction":{"count":544,"self":0.62000499999999992,"total":0.62000499999999992,"children":null},"AgentAct":{"count":544,"self":0.036677999999999995,"total":0.036677999999999995,"children":null}},"gauges":{},"metadata":{"timer_format_version":"0.1.0","start_time_seconds":"1604471666","unity_version":"2020.1.4f1","command_line_arguments":"\/Applications\/Unity\/Hub\/Editor\/2020.1.4f1\/Unity.app\/Contents\/MacOS\/Unity -projectpath \/Users\/satoukei\/RockMan -useHub -hubIPC -cloudEnvironment production -hubSessionId 60c08300-023a-11eb-b572-c5068b2b9db7 -accessToken HfP-6L9DegVmjXrPvzpcKDBj3dSDiUhFsstA2kU3d7A00ef","communication_protocol_version":"1.2.0","com.unity.ml-agents_version":"1.5.0-preview","scene_name":"Play","end_time_seconds":"1604471679"}}