{"count":1,"self":17.842667199999998,"total":17.986257,"children":{"InitializeActuators":{"count":2,"self":0.0019089999999999999,"total":0.0019089999999999999,"children":null},"InitializeSensors":{"count":2,"self":0.00095199999999999994,"total":0.00095199999999999994,"children":null},"AgentSendState":{"count":859,"self":0.005787,"total":0.006993,"children":{"CollectObservations":{"count":86,"self":0.00037099999999999996,"total":0.00037099999999999996,"children":null},"CollectDiscreteActionMasks":{"count":86,"self":0.00044899999999999996,"total":0.00044899999999999996,"children":null},"RequestDecision":{"count":86,"self":0.000386,"total":0.000386,"children":null}}},"DecideAction":{"count":859,"self":0.115642,"total":0.115642,"children":null},"AgentAct":{"count":859,"self":0.016756999999999998,"total":0.016756999999999998,"children":null}},"gauges":{},"metadata":{"timer_format_version":"0.1.0","start_time_seconds":"1616165383","unity_version":"2020.1.4f1","command_line_arguments":"\/Applications\/Unity\/Hub\/Editor\/2020.1.4f1\/Unity.app\/Contents\/MacOS\/Unity -projectpath \/Users\/satoukei\/RockMan -useHub -hubIPC -cloudEnvironment production -hubSessionId 64ca2390-88b1-11eb-ab6a-a511121e0ab5 -accessToken EDUToEVR5-4iQdIicHflJRSAR5Kkc-zsw18gKcF8VGc00ef","communication_protocol_version":"1.2.0","com.unity.ml-agents_version":"1.5.0-preview","scene_name":"Play","end_time_seconds":"1616165401"}}