{"count":1,"self":35.3548128,"total":35.738862999999995,"children":{"InitializeActuators":{"count":1,"self":0.001956,"total":0.001956,"children":null},"InitializeSensors":{"count":1,"self":0.00090199999999999992,"total":0.00090199999999999992,"children":null},"AgentSendState":{"count":1761,"self":0.019985,"total":0.026385,"children":{"CollectObservations":{"count":166,"self":0.0022489999999999997,"total":0.0022489999999999997,"children":null},"CollectDiscreteActionMasks":{"count":166,"self":0.00086599999999999991,"total":0.00086599999999999991,"children":null},"RequestDecision":{"count":166,"self":0.0032849999999999997,"total":0.0032849999999999997,"children":null}}},"DecideAction":{"count":1761,"self":0.322329,"total":0.322329,"children":null},"AgentAct":{"count":1761,"self":0.030879999999999998,"total":0.030879999999999998,"children":null}},"gauges":{},"metadata":{"timer_format_version":"0.1.0","start_time_seconds":"1619434587","unity_version":"2020.1.4f1","command_line_arguments":"\/Applications\/Unity\/Hub\/Editor\/2020.1.4f1\/Unity.app\/Contents\/MacOS\/Unity -projectpath \/Users\/satoukei\/RockMan -useHub -hubIPC -cloudEnvironment production -hubSessionId 64ca2390-88b1-11eb-ab6a-a511121e0ab5 -accessToken UQx1MEuthG7qtNVp6hp0vAYQiMofQIV6ci9PJoDPVs000ef","communication_protocol_version":"1.2.0","com.unity.ml-agents_version":"1.5.0-preview","scene_name":"Play","end_time_seconds":"1619434622"}}