{"count":1,"self":42.6824064,"total":43.064508,"children":{"InitializeActuators":{"count":10,"self":0.002149,"total":0.002149,"children":null},"InitializeSensors":{"count":10,"self":0.001035,"total":0.001035,"children":null},"AgentSendState":{"count":2112,"self":0.024169,"total":0.029935999999999997,"children":{"CollectObservations":{"count":140,"self":0.0030009999999999998,"total":0.0030009999999999998,"children":null},"CollectDiscreteActionMasks":{"count":140,"self":0.00094199999999999991,"total":0.00094199999999999991,"children":null},"RequestDecision":{"count":140,"self":0.0018239999999999999,"total":0.0018239999999999999,"children":null}}},"DecideAction":{"count":2112,"self":0.303314,"total":0.303314,"children":null},"AgentAct":{"count":2112,"self":0.044074999999999996,"total":0.044074999999999996,"children":null}},"gauges":{},"metadata":{"timer_format_version":"0.1.0","start_time_seconds":"1608314794","unity_version":"2020.1.4f1","command_line_arguments":"\/Applications\/Unity\/Hub\/Editor\/2020.1.4f1\/Unity.app\/Contents\/MacOS\/Unity -projectpath \/Users\/satoukei\/RockMan -useHub -hubIPC -cloudEnvironment production -hubSessionId cf12ad60-3d5e-11eb-826e-67a2f35384c0 -accessToken wd1c-0G_076xzl4fq12lxj8iBvtTmFbsZ6ZEwGUoD4800ef","communication_protocol_version":"1.2.0","com.unity.ml-agents_version":"1.5.0-preview","scene_name":"Start","end_time_seconds":"1608314837"}}